
[
    { "city": "Alaminos", "province": "Pangasinan" },
    { "city": "Angeles", "province": "Pampanga" },
    { "city": "Antipolo", "province": "Rizal" },
    { "city": "Bacolod", "province": "Negros Occidental" },
    { "city": "Bacoor", "province": "Cavite" },
    { "city": "Bago", "province": "Negros Occidental" },
    { "city": "Baguio", "province": "Benguet" },
    { "city": "Bais", "province": "Negros Oriental" },
    { "city": "Balanga", "province": "Bataan" },
    { "city": "Batac", "province": "Ilocos Norte" },
    { "city": "Batangas City", "province": "Batangas" },
    { "city": "Bayawan", "province": "Negros Oriental" },
    { "city": "Baybay", "province": "Leyte" },
    { "city": "Bayugan", "province": "Agusan del Sur" },
    { "city": "Biñan", "province": "Laguna" },
    { "city": "Bislig", "province": "Surigao del Sur" },
    { "city": "Bogo", "province": "Cebu" },
    { "city": "Borongan", "province": "Eastern Samar" },
    { "city": "Butuan", "province": "Agusan del Norte" },
    { "city": "Cabadbaran", "province": "Agusan del Norte" },
    { "city": "Cabanatuan", "province": "Nueva Ecija" },
    { "city": "Cabuyao", "province": "Laguna" },
    { "city": "Cadiz", "province": "Negros Occidental" },
    { "city": "Cagayan de Oro", "province": "Misamis Oriental" },
    { "city": "Calaca", "province": "Batangas" },
    { "city": "Calamba", "province": "Laguna" },
    { "city": "Calapan", "province": "Oriental Mindoro" },
    { "city": "Calbayog", "province": "Samar" },
    { "city": "Caloocan", "province": "Metro Manila" },
    { "city": "Candon", "province": "Ilocos Sur" },
    { "city": "Canlaon", "province": "Negros Oriental" },
    { "city": "Carcar", "province": "Cebu" },
    { "city": "Catbalogan", "province": "Samar" },
    { "city": "Cauayan", "province": "Isabela" },
    { "city": "Cavite City", "province": "Cavite" },
    { "city": "Cebu City", "province": "Cebu" },
    { "city": "Cotabato City", "province": "Maguindanao" },
    { "city": "Dagupan", "province": "Pangasinan" },
    { "city": "Danao", "province": "Cebu" },
    { "city": "Dapitan", "province": "Zamboanga del Norte" },
    { "city": "Dasmariñas", "province": "Cavite" },
    { "city": "Davao City", "province": "Davao del Sur" },
    { "city": "Digos", "province": "Davao del Sur" },
    { "city": "Dipolog", "province": "Zamboanga del Norte" },
    { "city": "Dumaguete", "province": "Negros Oriental" },
    { "city": "El Salvador", "province": "Misamis Oriental" },
    { "city": "Escalante", "province": "Negros Occidental" },
    { "city": "Gapan", "province": "Nueva Ecija" },
    { "city": "General Santos", "province": "South Cotabato" },
    { "city": "General Trias", "province": "Cavite" },
    { "city": "Gingoog", "province": "Misamis Oriental" },
    { "city": "Guihulngan", "province": "Negros Oriental" },
    { "city": "Himamaylan", "province": "Negros Occidental" },
    { "city": "Ilagan", "province": "Isabela" },
    { "city": "Iligan", "province": "Lanao del Norte" },
    { "city": "Iloilo City", "province": "Iloilo" },
    { "city": "Imus", "province": "Cavite" },
    { "city": "Iriga", "province": "Camarines Sur" },
    { "city": "Isabela", "province": "Basilan" },
    { "city": "Kabankalan", "province": "Negros Occidental" },
    { "city": "Kidapawan", "province": "Cotabato" },
    { "city": "Koronadal", "province": "South Cotabato" },
    { "city": "La Carlota", "province": "Negros Occidental" },
    { "city": "Lamitan", "province": "Basilan" },
    { "city": "Laoag", "province": "Ilocos Norte" },
    { "city": "Lapu-Lapu", "province": "Cebu" },
    { "city": "Las Piñas", "province": "Metro Manila" },
    { "city": "Legazpi", "province": "Albay" },
    { "city": "Ligao", "province": "Albay" },
    { "city": "Lipa", "province": "Batangas" },
    { "city": "Lucena", "province": "Quezon" },
    { "city": "Maasin", "province": "Southern Leyte" },
    { "city": "Mabalacat", "province": "Pampanga" },
    { "city": "Makati", "province": "Metro Manila" },
    { "city": "Malabon", "province": "Metro Manila" },
    { "city": "Malaybalay", "province": "Bukidnon" },
    { "city": "Malolos", "province": "Bulacan" },
    { "city": "Mandaluyong", "province": "Metro Manila" },
    { "city": "Mandaue", "province": "Cebu" },
    { "city": "Manila", "province": "Metro Manila" },
    { "city": "Marawi", "province": "Lanao del Sur" },
    { "city": "Marikina", "province": "Metro Manila" },
    { "city": "Masbate City", "province": "Masbate" },
    { "city": "Mati", "province": "Davao Oriental" },
    { "city": "Meycauayan", "province": "Bulacan" },
    { "city": "Muñoz", "province": "Nueva Ecija" },
    { "city": "Muntinlupa", "province": "Metro Manila" },
    { "city": "Naga", "province": "Camarines Sur" },
    { "city": "Navotas", "province": "Metro Manila" },
    { "city": "Olongapo", "province": "Zambales" },
    { "city": "Ormoc", "province": "Leyte" },
    { "city": "Oroquieta", "province": "Misamis Occidental" },
    { "city": "Ozamiz", "province": "Misamis Occidental" },
    { "city": "Pagadian", "province": "Zamboanga del Sur" },
    { "city": "Palayan", "province": "Nueva Ecija" },
    { "city": "Panabo", "province": "Davao del Norte" },
    { "city": "Parañaque", "province": "Metro Manila" },
    { "city": "Pasay", "province": "Metro Manila" },
    { "city": "Pasig", "province": "Metro Manila" },
    { "city": "Passi", "province": "Iloilo" },
    { "city": "Puerto Princesa", "province": "Palawan" },
    { "city": "Quezon City", "province": "Metro Manila" },
    { "city": "Roxas", "province": "Capiz" },
    { "city": "Sagay", "province": "Negros Occidental" },
    { "city": "Samal", "province": "Davao del Norte" },
    { "city": "San Carlos", "province": "Pangasinan" },
    { "city": "San Fernando", "province": "La Union" },
    { "city": "San Fernando", "province": "Pampanga" },
    { "city": "San Jose", "province": "Nueva Ecija" },
    { "city": "San Jose del Monte", "province": "Bulacan" },
    { "city": "San Juan", "province": "Metro Manila" },
    { "city": "San Pablo", "province": "Laguna" },
    { "city": "San Pedro", "province": "Laguna" },
    { "city": "Santa Rosa", "province": "Laguna" },
    { "city": "Santiago", "province": "Isabela" },
    { "city": "Silay", "province": "Negros Occidental" },
    { "city": "Sipalay", "province": "Negros Occidental" },
    { "city": "Sorsogon City", "province": "Sorsogon" },
    { "city": "Surigao City", "province": "Surigao del Norte" },
    { "city": "Tabaco", "province": "Albay" },
    { "city": "Tabuk", "province": "Kalinga" },
    { "city": "Tacloban", "province": "Leyte" },
    { "city": "Tacurong", "province": "Sultan Kudarat" },
    { "city": "Tagaytay", "province": "Cavite" },
    { "city": "Tagbilaran", "province": "Bohol" },
    { "city": "Taguig", "province": "Metro Manila" },
    { "city": "Tagum", "province": "Davao del Norte" },
    { "city": "Talisay", "province": "Cebu" },
    { "city": "Talisay", "province": "Negros Occidental" },
    { "city": "Tanauan", "province": "Batangas" },
    { "city": "Tandag", "province": "Surigao del Sur" },
    { "city": "Tangub", "province": "Misamis Occidental" },
    { "city": "Tanjay", "province": "Negros Oriental" },
    { "city": "Tarlac City", "province": "Tarlac" },
    { "city": "Tayabas", "province": "Quezon" },
    { "city": "Toledo", "province": "Cebu" },
    { "city": "Trece Martires", "province": "Cavite" },
    { "city": "Tuguegarao", "province": "Cagayan" },
    { "city": "Urdaneta", "province": "Pangasinan" },
    { "city": "Valencia", "province": "Bukidnon" },
    { "city": "Valenzuela", "province": "Metro Manila" },
    { "city": "Victorias", "province": "Negros Occidental" },
    { "city": "Vigan", "province": "Ilocos Sur" },
    { "city": "Zamboanga City", "province": "Zamboanga del Sur" }
]
